{
  "website": "highmc.net",
  "discord": "discord.highmc.net",
  "store": "loja.highmc.net",
  "ip": "highmc.net",
  "defaultLanguage": "PORTUGUESE",
  "piratePlayersEnabled": true,
  "redisDebugEnabled": false,
  "debug": true,
  "mongoCredentials": {
    "hostName": "127.0.0.1",
    "userName": "",
    "passWord": "",
    "database": "high",
    "port": 27017
  },
  "redisCredentials": {
    "hostName": "localhost",
    "userName": "",
    "passWord": "Shock@123",
    "database": "",
    "port": 6379
  },
  "groupMap": {
    "dono": {
      "id": 10,
      "groupName": "dono",
      "permissions": [
        "*"
      ],
      "defaultGroup": false,
      "trainee": false,
      "staff": true
    },
    "admin": {
      "id": 9,
      "groupName": "admin",
      "permissions": [
        "command.punish",
	"command.ban",
	"command.mute",
	"command.tempban",
	"command.tempmute",
	"command.admin",
	"command.vanish",
	"command.build",
	"command.language",
	"command.translate",
	"command.report",
	"command.gamemode",
	"command.clear",
	"command.teleport",
	"command.location",
	"command.tps",
	"command.glist",
	"command.staff",
	"command.find",
	"tag.admin",
      ],
      "defaultGroup": false,
      "trainee": false,
      "staff": true
    },
    "Nitro": {
      "id": 2,
      "groupName": "nitro",
      "permissions": [
        "tag.nitro"
      ],
      "defaultGroup": false,
      "trainee": false,
      "staff": false
    },
    "Prime": {
      "id": 1,
      "groupName": "prime",
      "permissions": [
        "tag.prime"
      ],
      "defaultGroup": false,
      "trainee": false,
      "staff": false
    },
    "member": {
      "id": 0,
      "groupName": "membro",
      "permissions": [],
      "defaultGroup": true,
      "trainee": false,
      "staff": false
    }
  },
  "tagMap": {
    "dono": {
      "tagId": 0,
      "tagName": "Dono",
      "tagPrefix": "§4§lDONO§4",
      "aliases": [
        "owner"
      ],
      "exclusive": false,
      "defaultTag": false
    },
    "developer": {
      "tagId": 1,
      "tagName": "Developer",
      "tagPrefix": "§3§lDEVELOPER§3",
      "aliases": [
        "dev",
        "coder"
      ],
      "exclusive": true,
      "defaultTag": false
    },
    "admin": {
      "tagId": 2,
      "tagName": "Admin",
      "tagPrefix": "§4§lADMIN§4",
      "aliases": [
        "administrador",
        "adm"
      ],
      "exclusive": false,
      "defaultTag": false
    },
    "mod+": {
      "tagId": 3,
      "tagName": "Mod+",
      "tagPrefix": "§5§lMOD+§5",
      "aliases": [
        "modplus"
      ],
      "exclusive": false,
      "defaultTag": false
    },
    "mod": {
      "tagId": 4,
      "tagName": "Mod",
      "tagPrefix": "§5§lMOD§5",
      "aliases": [
        "mod"
      ],
      "exclusive": false,
      "defaultTag": false
    },
    "investidor": {
      "tagId": 5,
      "tagName": "Investidor",
      "tagPrefix": "§a§lINVEST§a",
      "aliases": [
        "invest"
      ],
      "exclusive": true,
      "defaultTag": false
    },
    "trial": {
      "tagId": 6,
      "tagName": "trial",
      "tagPrefix": "§d§lTRIAL§d",
      "aliases": [],
      "exclusive": false,
      "defaultTag": false
    },
    "youtuber+": {
      "tagId": 7,
      "tagName": "Youtuber+",
      "tagPrefix": "§3§lYOUTUBER+§3",
      "aliases": [
        "youtuberplus",
        "yt+",
        "ytplus"
      ],
      "exclusive": true,
      "defaultTag": false
    },
    "builder": {
      "tagId": 8,
      "tagName": "Builder",
      "tagPrefix": "§3§lBUILDER§3",
      "aliases": [
        "construtor",
        "bob"
      ],
      "exclusive": true,
      "defaultTag": false
    },
    "designer": {
      "tagId": 9,
      "tagName": "Designer",
      "tagPrefix": "§2§lDESIGNER§2",
      "aliases": [
        "design",
        "estilista"
      ],
      "exclusive": true,
      "defaultTag": false
    },
    "youtuber": {
      "tagId": 10,
      "tagName": "Youtuber",
      "tagPrefix": "§b§lYOUTUBER§b",
      "aliases": [
        "yt"
      ],
      "exclusive": true,
      "defaultTag": false
    },
    "streamer": {
      "tagId": 11,
      "tagName": "Streamer",
      "tagPrefix": "§b§lSTREAMER§b",
      "aliases": [
        "stream"
      ],
      "exclusive": true,
      "defaultTag": false
    },
    "Beta": {
      "tagId": 12,
      "tagName": "Beta",
      "tagPrefix": "§1§lBETA§1",
      "aliases": [],
      "exclusive": false,
      "defaultTag": false
    },
    "mvp+": {
      "tagId": 13,
      "tagName": "Mvp+",
      "tagPrefix": "§c§lMVP§f§l+§c",
      "aliases": [
        "mvpplus"
      ],
      "exclusive": false,
      "defaultTag": false
    },
    "mvp": {
      "tagId": 14,
      "tagName": "Mvp",
      "tagPrefix": "§b§lMVP§b",
      "aliases": [],
      "exclusive": false,
      "defaultTag": false
    },
    "vip+": {
      "tagId": 14,
      "tagName": "Vip+",
      "tagPrefix": "§3§lVIP§f§l+§3",
      "aliases": [
        "vipplus"
      ],
      "exclusive": false,
      "defaultTag": false
    },
    "vip": {
      "tagId": 15,
      "tagName": "Vip",
      "tagPrefix": "§a§lVIP§a",
      "aliases": [],
      "exclusive": false,
      "defaultTag": false
    },
    "winner": {
      "tagId": 16,
      "tagName": "Winner",
      "tagPrefix": "§3§lWINNER§3",
      "aliases": [
        "vencedor"
      ],
      "exclusive": true,
      "defaultTag": false
    },
    "nitro": {
      "tagId": 18,
      "tagName": "Nitro",
      "tagPrefix": "§d§lNITRO§d",
      "aliases": [
        "boost",
        "booster",
        "discord"
      ],
      "exclusive": true,
      "defaultTag": false
    },
    "prime": {
      "tagId": 19,
      "tagName": "Prime",
      "tagPrefix": "§3§lPRIME§3",
      "aliases": [],
      "exclusive": true,
      "defaultTag": false
    },
    "membro": {
      "tagId": 20,
      "tagName": "Membro",
      "tagPrefix": "§7",
      "aliases": [
        "default",
        "padrão",
        "padrao",
        "normal"
      ],
      "exclusive": false,
      "defaultTag": true
    }
  },
  "languageMap": {
    "PORTUGUESE": {
      "account-doesnt-exist": "§cO membro \"%player%\" não existe.",
      "account-not-loaded": "§cSua conta não foi carregada.\nAguarde e tente novamente.",
      "back": "Voltar",
      "ban-permanent-kick-message": "§cVocê foi banido permanentemente do servidor.\n§c\n§cMotivo: %reason%\n§c\n§eMais informações em §b%website%",
      "ban-temporary-kick-message": "§cVocê foi banido temporariamente do servidor.\n§c\nMotivo: %reason%\n§cExpire em: %expireAt%\n§c\n§eMais informações em §b%website%",
      "bed": "Cama",
      "bedwars-cant-break-this-block": "\u0026cVocê não pode quebrar esse bloco.",
      "bedwars-cant-drop-item": "\u0026cVocê não pode jogar items fora agora.",
      "bedwars-game-started": "\u0026eO jogo iniciou.",
      "bedwars-game-will-start": "\u0026eO jogo vai iniciar em %time%\u0026e.",
      "bedwars-subtitle-lose": "\u00267Tente novamente na próxima!",
      "bedwars-subtitle-respawn": "\u0026aVocê renasceu.",
      "bedwars-subtitle-win": "\u0026evocê venceu!",
      "bedwars-subtitle-you-are-dead": "\u0026evocê irá renascer em %time% segundos!",
      "bedwars-title-lose": "\u0026c\u0026lDERROTA",
      "bedwars-title-respawn": "\u0026c",
      "bedwars-title-win": "\u00262\u0026lVENCEDOR",
      "bedwars-title-you-are-dead": "\u0026c\u0026lVOCE MORREU!",
      "bedwars.buy.diamond": "Diamantes",
      "bedwars.buy.emerald": "Esmeraldas",
      "bedwars.buy.gold-ingot": "Ouros",
      "bedwars.buy.iron-ingot": "Ferros",
      "bedwars.creator.item-name": "%islandColor%%island% Creator",
      "bedwars.drop-item.no-block-to-drop": "\u0026cVocê não pode jogar os items nesse local.",
      "bedwars.drop-item.void-drop": "\u0026cVocê não pode jogar os items agora.",
      "bedwars.inventory.island-creator.name": "§7%island%",
      "bedwars.inventory.island-generator.title": "[NOT FOUND: bedwars.inventory.island-generator.title]",
      "bedwars.island-bed-broke": "§f§lCAMA DESTRUIDA » §7A %islandColor%Cama do %island%§7 foi destruída por %enimyIslandColor%%player%§7.",
      "bedwars.island-lost": "\u0026eO %islandColor%Time %island% \u0026efoi eliminado.",
      "bedwars.message.respawn": "§aVocê renasceu.",
      "bedwars.message.respawning": "§aVocê renascerá em §c%time%§e seconds.",
      "bedwars.win-message.top-bed-broker": "\u0026b\u0026lTOP CAMAS QUEBRADAS:",
      "bedwars.win-message.top-final-kills": "\u0026b\u0026lTOP KILLS FINAIS:",
      "bedwars.you-already-have-shears": "\u0026cVocê já tem uma tesoura.",
      "blue-name": "Azul",
      "blue-symbol": "A",
      "click-to-connect": "Clique para conectar.",
      "click-to-see": "Clique para ver.",
      "combatlog.command-blocked": "\u0026cVocê não pode enviar esse comando enquanto está em",
      "command-build-disabled": "\u0026cVocê desativou o modo construção.",
      "command-build-enabled": "\u0026aVocê ativou o modo construção.",
      "command-clear-cleared-inventory": "§aSeu inventário foi completamento limpo.",
      "command-clear-cleared-player-inventory": "§aVocê limpou o inventário de %player%.",
      "command-config-configuration-saved": "\u0026aConfiguração salva com sucesso.",
      "command-gamemode-not-found": "§cO gamemode \"%gamemode%\" não existe.",
      "command-gamemode-target-gamemode-changed": "§aO gamemode de %target% foi alterado para %gamemode%.",
      "command-gamemode-usage": " §e» §fUse §a/%label% \u003cgamemode\u003e§f para alterar o seu gamemode.",
      "command-gamemode-your-gamemode-changed": "§aSeu gamemode foi alterado para %gamemode%.",
      "command-island-color-not-exist": "§cThe color \"%island%\" doesnt exist.",
      "command-island-created-success": "§aThe island %islandColor%%island%§a has been created.",
      "command-island-island-already-exist": "§cThe island %island% already exist.",
      "command-island-island-not-exist": "§cThe island \"%island%\" doesnt exist.",
      "command-island-usage": " §e» §fUse §a/island \u003cislandColor§f to see informations of island.\n §e» §fUse §a/island \u003cislandColor\u003e create§f to create a island that not exist.\n §e» §fUse §a/island \u003cislandColor\u003e edit§f to receive the edit item of island.\n §e» §fUse §a/island \u003cislandColor\u003e setlocation \u003cfieldName\u003e§f to set location field.",
      "command-language-changed": "§aSeu idioma foi alterado para %language%.",
      "command-language-usage": " §e» §fUse §a/%label% \u003clanguage\u003e§f para alterar seu idioma.",
      "command-not-found": "\u0026c\u0026lERRO! \u0026cEsse comando não foi encontrado em nosso banco de dados.",
      "command-not-found]": "[NOT FOUND: command-not-found]]",
      "command-ping-player-latency": "§aO ping de %player% é de %ping%ms.",
      "command-ping-your-latency": "§aSeu ping é de %ping%ms.",
      "command-server-reload-config-error": "§cHouve um erro ao recarregar a config.",
      "command-server-reload-config-successfully": "§aConfig recarregada com sucesso.",
      "command-server-save-config-error": "§cHouve um erro ao salvar a config.",
      "command-server-save-config-successfully": "§aConfig salva com sucesso.",
      "command-server-usage": "§e » §fUse §a/servermanager save-config§f para salvar a config.",
      "command-teleport-location-not-found": "§cA localização \"%location%\" não existe.",
      "command-teleport-teleported-player-to-target": "§aVocê teleportou %player% para %target%.",
      "command-teleport-teleported-to-location": "§aVocê foi teleportado para %x%, %y%, %z%.",
      "command-teleport-teleported-to-locationname": "§aVocê foi teleportado para %location%.",
      "command-teleport-teleported-to-target": "§aVocê foi teleportado para %target%.",
      "command-teleport-usage": " §e» §fUse §a/%label% \u003cplayer\u003e§f para teleportar para um jogador.",
      "command-time-changed": "\u0026eTempo do jogo alterado para \u0026b%time%\u0026e.",
      "command-time-timer-disabled": "\u0026cO timer foi desativado.",
      "command-time-timer-enabled": "\u0026aO timer foi ativado.",
      "command-time-usage": "\u0026eUse /time \u003ctime\u003e para alterar o tempo do jogo.",
      "command-translate-usage": " §e» §fUse §a/%label% \u003clanguage\u003e \u003ctranslateKey\u003e \u003ctranslate\u003e§f para traduzir.",
      "command.login.already-logged": "\u0026aVocê já está logado no servidor.",
      "command.login.incorrect-password": "\u0026c\u0026lERRO! §cSenha incorreta, você tem mais %attemps% tentativas.",
      "command.login.not-registered": "\u0026cSua conta ainda não foi registrada no servidor.",
      "command.login.success": "\u0026aSeu login foi efetuado com sucesso.",
      "command.login.timeouted": "\u0026cVocê inseriou uma senha incorreta diversas vezes.",
      "command.login.usage": " §a» §fUse §a/",
      "command.pardon.no-punish-found": "§cNenhum punição do tipo %type% encontrada para o jogador %player%.",
      "command.pardon.success": "§aA punição do tipo %type% foi retirada do jogador %player%.",
      "command.pardon.usage": " §e» §fUse §a/%label% \u003cplayer\u003e \u003ctype\u003e§f para retirar uma punição de um jogador.",
      "command.play.usage": "\u0026eUse /play \u003cserverType\u003e para jogar.",
      "command.punish-general.usage": " §e» §fUse §a/%label% \u003cplayer\u003e \u003creason\u003e§f para punir um jogador.",
      "command.punish.already-punished": "§cO jogador %player% já foi punido permanentemente.",
      "command.punish.success-ban-permanent": "§aO jogador %player% foi punido permanentemente com sucesso por %reason%.",
      "command.punish.success-ban-temporary": "§aO jogador %player% foi punido temporariamente com sucesso por %reason%.",
      "command.punish.type-not-exist": "§cO tipo de punição \"%type%\" não existe.",
      "command.punish.usage": " §e» §fUse §a/%label% \u003cplayer\u003e \u003ctype\u003e \u003creason\u003e§f para punir um jogador.",
      "command.register-success": "\u0026aVocê se registrou no servidor com sucesso.",
      "command.register.already-registered": "\u0026cSua conta já está registrada no servidor",
      "command.register.complete-the-captcha": "\u0026cComplete o Captcha antes de se logar.",
      "command.register.password-isnt-equals": "\u0026cAs senhas inseridas não são iguais.",
      "command.register.success": "\u0026aSua conta foi registrada com sucesso no servidor.",
      "command.register.usage": "use",
      "command.staffchat.disabled": "\u0026cO staffchat foi desativado.",
      "command.staffchat.enabled": "\u0026aO staffchat foi ativado.",
      "cyan-name": "Ciano",
      "cyan-symbol": "C",
      "day": "dia",
      "defaut-ban": "Uso de trapaças",
      "diamond": "Diamante",
      "diamond-axe": "Machado de Diamante",
      "diamond-pickaxe": "Picareta de Diamante",
      "director": "Diretor",
      "emerald": "Esmeralda",
      "empty-slot": "Slot vazio",
      "gamer-not-loaded": "\u0026cSua conta não foi carregada.",
      "gold-axe": "Machado de Ouro",
      "gold-ingot": "[NOT FOUND: gold-ingot]",
      "gold-pickaxe": "Picareta de Ouro",
      "gray-name": "Cinza",
      "gray-symbol": "C",
      "green-name": "Verde",
      "green-symbol": "V",
      "group-not-found": " §c» §fO grupo §c\"%group%\"§f não existe.",
      "hologram-click-here": "\u00267Clique aqui para ver mais.",
      "hour": "hora",
      "invalid-format-double": "§cO valor %value% não é um double válido.",
      "invalid-format-integer": "§cO valor %value% não é um inteiro válido.",
      "inventory-bedwars": "Selecione o modo",
      "inventory-language": "Selecione seu idioma",
      "inventory-language-already": "§aVocê já está utilizando esse idioma.",
      "inventory-language-changed": "§aO seu idioma foi alterado para %language%.",
      "inventory-language-click-to-change": "§eClique para alterar seu idioma.",
      "inventory-language-description": "Altere seu idioma para %language%",
      "inventory-language-english-description": "Change your language to English",
      "inventory-language-portuguese-description": "Altere seu idioma para português",
      "inventory-lobby": "Selecione o lobby",
      "inventory-preferences": "Suas preferências",
      "inventory-profile": "Perfil de %player%",
      "inventory-profile-actual-logged-time": "Tempo online atual",
      "inventory-profile-first-login": "Primeiro login",
      "inventory-profile-last-login": "Ultimo login",
      "inventory-profile-preferences": "Suas preferências",
      "inventory-profile-preferences-description": "Configure suas preferências",
      "inventory-profile-select-language": "Selecione seu idioma",
      "inventory-profile-select-language-description": "Altere seu idioma no servidor",
      "inventory-profile-skin": "\u0026aSelecione uma skin",
      "inventory-profile-skin-description": "\u00267Configure sua skin",
      "inventory-profile-total-logged-time": "Tempo online total",
      "inventory-profile-user-online": "O usuário está online no momento.",
      "inventory-profile-your-medals": "\u0026aSuas medalhas",
      "inventory-profile-your-medals-description": "\u00267Selecione uma medalha para exibir",
      "inventory-profile-your-stats": "Suas estatísticas",
      "inventory-profile-your-stats-description": "Veja suas estatísticas",
      "inventory-server": "Selecione o servidor",
      "inventory-skywars-description": "skywars",
      "inventory-statistics": "Suas estatísticas",
      "inventory-upgrade-armor-reinforcement": "Reforço na Armadura %level%",
      "inventory-upgrade-armor-reinforcement-description": "Seu time receberá proteção em todas as peças da armadura.\n\n%check-1% §fLevel 1: §7Proteção I, §b%price-1% Diamantes\n%check-2% §fLevel 2: §7Proteção II, §b%price-2% Diamantes\n%check-3% §fLevel 3: §7Proteção III, §b%price-3% Diamantes\n%check-4% §fLevel 4: §7Proteção IV, §b%price-4% Diamantes\n\n%buy%",
      "inventory-upgrade-diamond-enough": "§aVocê tem diamantes suficiente para comprar essa melhoria.",
      "inventory-upgrade-forge": "Forja %level%",
      "inventory-upgrade-forge-description": "Melhore os geradores da sua ilha.\n\n%check-1% §fLevel 1: §7+50% de recursos, §b%price-1% Diamantes\n%check-2% §fLevel 2: §7+150% de recursos, §b%price-2% Diamantes\n%check-3% §fLevel 3: §7Gera §1Esmeraldas§7, §b%price-3% Diamantes\n%check-4% §fLevel 4: §7+250% de recursos, §b%price-4% Diamantes\n\n%buy%",
      "inventory-upgrade-haste": "Pressa %level%",
      "inventory-upgrade-haste-description": "Adicione efeito de pressa permanentemente a todos da sua equipe.\n\n%check-1% §fLevel 1: §7Pressa I, §b%price-1% Diamantes\n%check-2% §fLevel 2: §7Pressa II, §b%price-2% Diamantes\n\n%buy%",
      "inventory-upgrade-max-level-reach": "§cO level máximo da melhoria %upgrade% foi alcançado.",
      "inventory-upgrade-max-level-reach-buy": "§aO level máximo foi alcançado.",
      "inventory-upgrade-not-diamond-enough": "§cVocê não tem diamantes suficiente para efetuar essa melhoria.",
      "inventory-upgrade-regeneration": "Regeneração %level%",
      "inventory-upgrade-regeneration-description": "Crie uma área segura com regeneração perto da sua ilha.\n\n%check-1% §fLevel 1: §7Regeneration I, §b%price-1% Diamantes\n\n%buy%",
      "inventory-upgrade-sharpness": "Sharpness %level%",
      "inventory-upgrade-sharpness-description": "Sua equipe terá Sharpness permanentemente em qualquer espada.\n\n%check-1% §fLevel 1: §7Sharpness I, §b%price-1% Diamantes\n\n%buy%",
      "inventory-upgrade-trap": "It\u0027s a trap %level%",
      "inventory-upgrade-trap-description": "Todos os inimigos que entrarem no raio da sua ilha ficaram cegos por 8 segundos e você receberá um aviso quando isso acontecer.\n\n%check-1% §fLevel 1: §7Trap I, §b%price-1% Diamantes\n\n%buy%",
      "inventory-upgrade-you-doesnt-have-enough-diamond": "§cVocê não tem Diamantes o suficiente.",
      "iron-axe": "Machado de Ferro",
      "iron-ingot": "Ferro",
      "iron-pickaxe": "Picareta de Ferro",
      "item.select-lobby": "Selecione o lobby",
      "item.select-server": "Selecione o servidor",
      "item.your-profile": "Seu perfil",
      "kick-message": "§cVocê foi expulso do servidor.\n\n§cMotivo: %reason%\n\n§eVeja mais informações em §b%website%",
      "language-not-found": " §c» §fO idioma §c\"%language%\"§f não foi encontrado.",
      "login.kick.login-not-available": "\u0026cO servidor de login não está disponível.",
      "login.message.session-created": "\u0026aSua sessão foi iniciada no servidor.",
      "login.message.session-expired": "\u0026cSua sessão expirou.",
      "login.message.session-restored": "\u0026aSua sessão foi restaurada.",
      "login.message.session-stopped": "\u0026cSua sessão foi encerrada.",
      "login.subtitle.session-restored": "\u0026aSua sessão foi restaurada.",
      "login.title.session-restored": "\u0026a",
      "minute": "minuto",
      "no-command": " §c» §fO comando §c\"%command%\"§f não foi encontrado.",
      "no-permission": " §c» §fVocê não tem §cpermissão§f para executar esse comando.",
      "number-format-invalid": "\u0026cFormato de número inválido.",
      "pink-name": "Rosa",
      "pink-symbol": "R",
      "player-is-not-online": "\u0026cO jogador \"%player%\" não está online.",
      "player-not-found": "§cO jogador \"%player%\" não foi encontrado.",
      "red-name": "Vermelho",
      "red-symbol": "V",
      "scoreboard-diamond-upgrade": "Diamante II",
      "scoreboard-emerald-upgrade": "Esmeralda II",
      "scoreboard-group": "Grupo",
      "scoreboard-lobby": "§6§lHIGH",
      "scoreboard-map": "Mapa",
      "scoreboard-mode": "Modo",
      "scoreboard-players": "Jogadores",
      "scoreboard-starting": "Inicia em",
      "scoreboard-waiting": "\u00267Aguardando",
      "scoreboard-you": "VOCÊ",
      "second": "segundo",
      "server-fallback-not-found": "\u0026cO servidor de retorno não está disponível.",
      "server-is-full": "\u0026cO servidor está cheio.",
      "server-not-available": "\u0026cO servidor não está disponível.",
      "server-not-found": "§cThe server \"%server%\" doesnt exist or is unavailable. §0§l*",
      "server-was-closed": "§cO servidor que você estava foi encerrado.",
      "server.search-server.not-found": "\u0026cNenhum servidor disponível.",
      "shop.character-name": "\u0026b\u0026lLOJA",
      "staff.inventory-language": "Configure as traduções",
      "staff.inventory-language-click-to-modify": "Clique para modificar.",
      "staff.inventory-language-english-description": "Alterar as traduções do idioma inglês estadunidense.",
      "staff.inventory-language-portuguese-description": "Alterar as traduções do idioma português brasileiro.",
      "staff.inventory-translation": "Config %language% %page%",
      "stone-axe": "Machado de Pedra",
      "stone-pickaxe": "Picareta de Pedra",
      "vanish.player-group-hided": "\u0026dVocê está invisível para %group% e abaixo.",
      "white-name": "Branco",
      "white-symbol": "B",
      "wood-axe": "Machado de Madeira",
      "wood-pickaxe": "Picareta de Madeira",
      "yellow-name": "Amarelo",
      "yellow-symbol": "A"
    },
    "ENGLISH": {
      "account-doesnt-exist": "§cThe member \"%player%\" doesnt exist.",
      "account-not-loaded": "§cYour account have already loaded.",
      "arrow": "Arrow",
      "back": "Back",
      "ban-permanent-kick-message": "§cYou have been banned permanently from the server.\n§c\n§cReason: %reason%\n",
      "ban-temporary-kick-message": "§cYou have been banned temporary from the server.\n§c\n§cReason: %reason%\n§cExpires in: %expireAt%\n§c\n§eSee more information at §b%website%",
      "bedwars-cant-break-this-block": "\u0026cYou cannot break this block.",
      "bedwars-cant-drop-item": "\u0026cYou can not drop items now.",
      "bedwars-game-started": "\u0026eThe game started.",
      "bedwars-game-will-start": "\u0026eThe game will start in %time%\u0026e.",
      "bedwars-subtitle-respawn": "[NOT FOUND: bedwars-subtitle-respawn]",
      "bedwars-subtitle-you-are-dead": "[NOT FOUND: bedwars-subtitle-you-are-dead]",
      "bedwars-title-respawn": "[NOT FOUND: bedwars-title-respawn]",
      "bedwars-title-you-are-dead": "[NOT FOUND: bedwars-title-you-are-dead]",
      "bedwars.creator.item-name": "[NOT FOUND: bedwars.creator.item-name] §0§l*",
      "bedwars.drop-item.no-block-to-drop": "\u0026cYou can not drop the items there.",
      "bedwars.drop-item.void-drop": "\u0026cYou can not drop the items now.",
      "bedwars.inventory.island-creator.name": "[NOT FOUND: bedwars.inventory.island-creator.name] §0§l*",
      "bedwars.inventory.island-generator.title": "[NOT FOUND: bedwars.inventory.island-generator.title] §0§l*",
      "black-name": "Black",
      "black-symbol": "B",
      "blue-name": "Blue",
      "blue-symbol": "B",
      "click-to-connect": "Click to connect.",
      "click-to-see": "Click to see.",
      "combatlog.command-blocked": "\u0026cYou couldnt send this command while is in combat.",
      "command-build-disabled": "§cYour build has been disabled.",
      "command-build-enabled": "§aYour build has been enabled.",
      "command-build-target-disabled": "§cThe player %target% build has been disabled.",
      "command-build-target-enabled": "§aThe player %target% build has been enabled.",
      "command-clear-cleared-inventory": "§aYour inventory has been cleared.",
      "command-clear-cleared-player-inventory": "§aYou have been cleared the inventory of %player%.",
      "command-config-configuration-loaded": "§aThe configuration %name% has been loaded.",
      "command-config-configuration-not-found": "§cThe configuration \"%name%\" doesnt exist.",
      "command-config-configuration-saved": "§aThe configuration %name% has been saved.",
      "command-config-could-not-load": "§cThe server can\u0027t load this configuration.",
      "command-config-could-not-save": "§cThe server can\u0027t save this configuration.",
      "command-config-usage": " §e» §fUse §a/%label% \u003cconfig\u003e§f to see the loaded labels of config.\n §e» §fUse §a/%label% \u003cconfig\u003e save§f to save config into the file.\n §e» §fUse §a/%label% \u003cconfig\u003e load§f to load config from the file.",
      "command-find-player-found": "§aThe player %player% has been found in the server %server%.",
      "command-find-player-found-hover": "§aClick to teleport.",
      "command-find-usage": " §e» §fUse §a/%label% \u003cplayer\u003e§f to find a player.",
      "command-gamemode-not-found": "§cThe gamemode %gamemode% doesnt exist.",
      "command-gamemode-target-gamemode-changed": "§aThe gamemode of %target% was changed to %gamemode%.",
      "command-gamemode-usage": " §e» §fUse §a/%label% \u003cgamemode\u003e§f to change your gamemode",
      "command-gamemode-your-gamemode-changed": "§aYour gamemode have been changed to %gamemode%.",
      "command-island-color-not-exist": "§cThe color \"%island%\" doesnt exist.",
      "command-island-created-success": "§aThe island %islandColor%%island%§a has been created.",
      "command-island-island-already-exist": "§cThe island %island% already exist.",
      "command-island-island-not-exist": "§cThe island \"%island%\" doesnt exist.",
      "command-island-usage": " §e» §fUse §a/island \u003cislandColor\u003e§f to see informations of island.\n §e» §fUse §a/island \u003cislandColor\u003e create§f to create a island that not exist.\n §e» §fUse §a/island \u003cislandColor\u003e edit§f to receive the edit item of island.\n §e» §fUse §a/island \u003cislandColor\u003e setlocation \u003cfieldName\u003e§f to set location field.",
      "command-language-changed": "§aYour language has been changed to %language%.",
      "command-language-usage": " §e» §fUse §a/%label% \u003clanguage\u003e§f to change your language",
      "command-not-found": "§cThe command \"%command%\" doesnt exist.",
      "command-ping-player-latency": "§a%player%\u0027s latency is %ping%ms.",
      "command-ping-your-latency": "§aYour latency is %ping%ms.",
      "command-send-all-to-server": "§aAll players (%players%) have been sent to server %server%.",
      "command-send-all-to-type": "§aAll players (%players%) have been sent to server %serverType%.",
      "command-send-current-to-server": "§aYour current server players has been sent to server %server%.",
      "command-send-current-to-type": "§aYour current server players has been sent to server %serverType%.",
      "command-send-player-to-server": "§aThe player %player% has been sent to server %server%.",
      "command-send-player-to-type": "§aThe player %player% has been sent to server %serverType%.",
      "command-server-reload-config-error": "§cThere was an error reloading the configuration.",
      "command-server-reload-config-successfully": "§aConfig reloaded successfully.",
      "command-server-save-config-error": "§cThere was an error saving the config.",
      "command-server-save-config-successfully": "§aConfig saved successfully.",
      "command-server-usage": " §e» §fUse §a/servermanager save-config§f to save the config.",
      "command-teleport-location-not-found": "§cThe location \"%location%\" doesnt exist.",
      "command-teleport-teleported-player-to-target": "§aYou have been teleported %player% to %target%.",
      "command-teleport-teleported-to-location": "§aYou have been teleported to %x%, %y%, %z%.",
      "command-teleport-teleported-to-locationname": "§aYou have been teleported to %location%.",
      "command-teleport-teleported-to-target": "§aYou have been teleported to %target%.",
      "command-teleport-usage": " §e» §fUse §a/%label% \u003cplayer\u003e§f to teleport to a player.",
      "command-time-changed": "§aGame time changed to %time%.",
      "command-time-timer-disabled": "§cThe time has been disabled.",
      "command-time-timer-enabled": "§aThe time has been enabled.",
      "command-time-usage": " §e» §fUse §a/%label% \u003ctime\u003e§f to change the game time.",
      "command-translate-usage": " §e» §fUse §a/%label% \u003clanguage\u003e \u003ctranslateKey\u003e \u003ctranslate\u003e§f to translate.",
      "command.code.click-to-copy": "§eYour authentication code is §b%code%",
      "command.code.success": "§eTo register into the website, access §b%site%§e and put your code.",
      "command.code.success-hover": "§aClick ",
      "command.pardon.failed": "§cThe player %player% could not be pardoned.",
      "command.pardon.no-punish-found": "§cThe player %player% doesnt have any %type% punish.",
      "command.pardon.success": "§aThe player %player% punishment %type% has been pardoned.",
      "command.pardon.usage": " §e» §fUse §a/%label% \u003cplayer\u003e§f to pardon a player.",
      "command.punish-general.temp-usage": " §e» §fUse §a/%label% \u003cplayer\u003e \u003ctime\u003e \u003creason\u003e§f to punish a member temporary.",
      "command.punish-general.usage": " §e» §fUse §a/%label% \u003cplayer\u003e \u003creason\u003e§f to punish a member.",
      "command.punish.already-punished": "§cThe player %player% have already been punished.",
      "command.punish.no-permission": "§cYou dont have permission to use this punish type.",
      "command.punish.success-ban-permanent": "§aThe player %player% has been banned permanently.",
      "command.punish.success-ban-temporary": "§aThe player %player% has been banned for %time%.",
      "command.punish.success-kick-permanent": "§aThe player %player% has been kicked from the server.",
      "command.punish.success-mute-permanent": "§aThe player %player% has been muted permanently.",
      "command.punish.success-mute-temporary": "§aThe player %player% has been muted for %time%.",
      "command.punish.type-not-exist": "§cThe type \"%type%\" doesnt exist.",
      "command.punish.usage": " §e» §fUse §a/%label% \u003cplayer\u003e \u003cpunishType\u003e \u003cexpire time:never\u003e \u003creason\u003e§f to punish a player.",
      "command.register.already-registered": "[NOT FOUND: command.register.already-registered]",
      "cyan-name": "Cyan",
      "cyan-symbol": "C",
      "day": "day",
      "defaut-ban": "Cheating",
      "diamond": "Diamond",
      "director": "Director",
      "emerald": "Emerald",
      "empty-slot": "Empty Slot",
      "ender-stone": "Ender Stone",
      "gamer-not-loaded": "\u0026cYour account wasnt loaded.",
      "glass": "glass",
      "gray-name": "Gray",
      "gray-symbol": "G",
      "green-name": "Green",
      "green-symbol": "G",
      "hologram-click-here": "[NOT FOUND: hologram-click-here]",
      "hologram.click-here": "§eClick to see.",
      "hour": "hour",
      "invalid-format-double": "§cThe value %value% is not a valid double.",
      "invalid-format-integer": "§cThe value %value% is not a valid integer.",
      "inventory-bedwars": "Bedwars",
      "inventory-bedwars-click-to-play": "§aClick to play",
      "inventory-bedwars-click-to-player-description": "§7%players% playing now.\n\n§aClick to play.",
      "inventory-bedwars-description": "bedwars",
      "inventory-bedwars-map": "Select a map",
      "inventory-bedwars-map-description": "§7%players% playing now.\n§7%servers% servers availables to play.\n\n§eClick to find a room.",
      "inventory-bedwars-none": "Select a mode",
      "inventory-bedwars-select-map": "§aSelect a map",
      "inventory-bedwars-select-map-description": "§7Click to select the map that you will play.\n\n§eOnly for vips.",
      "inventory-language": "Select your language",
      "inventory-language-already": "§aYou are already using this language",
      "inventory-language-changed": "§aYour language has been changed to English.",
      "inventory-language-click-to-change": "Click to change your language",
      "inventory-language-english-description": "Change your language to English",
      "inventory-language-portuguese-description": "Altere seu idioma para Português",
      "inventory-lobby": "Select the lobby",
      "inventory-preferences": "Your preferences",
      "inventory-profile": "Your profile",
      "inventory-profile-actual-logged-time": "Actual logged time",
      "inventory-profile-first-login": "First login",
      "inventory-profile-last-login": "Last login",
      "inventory-profile-preferences": "Your preferences",
      "inventory-profile-preferences-description": "Manage your preferences",
      "inventory-profile-punishments": "Your punishments",
      "inventory-profile-punishments-description": "See your punishments",
      "inventory-profile-purchase": "§aYour purchases",
      "inventory-profile-purchase-description": "§7See your store purchases",
      "inventory-profile-select-language": "Select your language",
      "inventory-profile-select-language-description": "Change your language on the server",
      "inventory-profile-skin": "\u0026aSelect your skin",
      "inventory-profile-skin-description": "\u00267Click to configure your skin.",
      "inventory-profile-total-logged-time": "Total logged time",
      "inventory-profile-user-online": "The user is online now.",
      "inventory-profile-your-medals": "[NOT FOUND: inventory-profile-your-medals]",
      "inventory-profile-your-medals-description": "[NOT FOUND: inventory-profile-your-medals-description]",
      "inventory-profile-your-stats": "Your statistics",
      "inventory-profile-your-stats-description": "See your statistics",
      "inventory-server": "Select the server",
      "inventory-skywars-description": "skywars",
      "inventory-upgrade-armor-reinforcement": "Armor Reinforcement %level%",
      "inventory-upgrade-armor-reinforcement-description": "Your team gets Protection on all armor pieces.\n\n%check-1% §fLevel 1: §7Protection I, §b%price-1% Diamonds\n%check-2% §fLevel 2: §7Protection II, §b%price-2% Diamonds\n%check-3% §fLevel 3: §7Protection III, §b%price-3% Diamonds\n%check-4% §fLevel 4: §7Protection IV, §b%price-4% Diamonds\n\n%buy%",
      "inventory-upgrade-diamond-enough": "§eYou have diamond enough.",
      "inventory-upgrade-forge": "Forge %level%",
      "inventory-upgrade-forge-description": "Increase the number of resources that spawn on your island.\n\n%check-1% §fLevel 1: §7+70% of resources, §b%price-1% Diamonds\n%check-2% §fLevel 2: §7+100% of resources, §b%price-2% Diamonds\n%check-3% §fLevel 3: §7Forge III, §b%price-3% Diamonds\n%check-4% §fLevel 4: §7+200% of resources, §b%price-4% Diamonds\n\n%buy%",
      "inventory-upgrade-haste": "Haste %level%",
      "inventory-upgrade-haste-description": "Your team gets haste effect permanently.\n\n%check-1% §fLevel 1: §7Haste I, §b%price-1% Diamonds\n%check-2% §fLevel 2: §7Haste II, §b%price-2% Diamonds\n\n%buy%",
      "inventory-upgrade-max-level-reach": "§cThe maximum level of the %upgrade% upgrade has been reached.",
      "inventory-upgrade-max-level-reach-buy": "§aMaximum level has been reached.",
      "inventory-upgrade-not-diamond-enough": "§cYou dont have diamond enough.",
      "inventory-upgrade-regeneration": "Regeneration %level%",
      "inventory-upgrade-regeneration-description": "Create a regeneration field around your island\n\n%check-1% §fLevel 1: §7Regeneration I, §b%price-1% Diamonds\n\n%buy%",
      "inventory-upgrade-sharpness": "Sharpness %level%",
      "inventory-upgrade-sharpness-description": "Your team gets Sharpness I on the sword permanently.\n\n%check-1% §fLevel 1: §7Sharpness I, §b%price-1% Diamonds\n\n%buy%",
      "inventory-upgrade-trap": "It\u0027s a trap %level%",
      "inventory-upgrade-trap-description": "Blind and slow invaders for 8 seconds.\n\n%check-1% §fLevel 1: §7Trap I, §b%price-1% Diamonds\n\n%buy%",
      "inventory-upgrade-you-doesnt-have-enough-diamond": "§cYou doesnt have enough diamonds.",
      "inventory.punishment.item.ban-description": "§7Click to see your ban history.",
      "inventory.punishment.item.ban-name": "§aBans",
      "inventory.punishment.item.date-description": "\n§fCreated at: §7%createAt%\n§fExpire at: §7%expireAt%\n§fTime remaining: §7%duration%",
      "inventory.punishment.item.date-name": "§aDate",
      "inventory.punishment.item.info-description": "§fAuthor: §7%punisher%\n§fReason: §7%reason%\n\n§fPunished at: §7%createAt%\n§fExpire at: §7%expireAt%\n§fTime remaining: §7%duration%",
      "inventory.punishment.item.info-description-expired": "\n\n§aThis punishment has expired.",
      "inventory.punishment.item.info-description-pardoned": "\n\n§aThis punished has been pardoned.",
      "inventory.punishment.item.info-name": "§a#%id%",
      "inventory.punishment.item.kick-description": "§7Click to see your kick history.",
      "inventory.punishment.item.kick-name": "§aKicks",
      "inventory.punishment.item.mute-description": "§7Click to see your mute history.",
      "inventory.punishment.item.mute-name": "§aMutes",
      "inventory.punishment.item.reason-description": "\n§f%reason%",
      "inventory.punishment.item.reason-name": "§aReason",
      "inventory.punishment.title": "§7%player%\u0027s punishments",
      "inventory.purchase.check-for-updates.check-for-approved": "a",
      "inventory.purchase.check-for-updates.description": "§7Click to check if your purchase have update.\n§cOnly for APPROVED purchases.",
      "inventory.purchase.check-for-updates.name": "§aCheck for updates.",
      "inventory.purchase.check-for-updates.only-for-approved": "a",
      "inventory.purchase.delete-purchase": "§cDelete purchase from history",
      "inventory.purchase.delete-purchase.description": "§7Click if you want to delete this purchase from history.",
      "inventory.purchase.delete-purchase.name": "§cDelete purchase from history",
      "inventory.purchase.purchase-item.description": "§fPurchase status: %status%\n\n§eClick to see more info.",
      "inventory.purchase.purchase-item.name": "§aPurchase #%id%",
      "inventory.purchase.title": "§7Your purchases",
      "item.arrow": "Arrow",
      "item.bow": "Bow",
      "item.bow.power-1": "Bow (Power I)",
      "item.bow.power-and-punch-1": "Bow (Power I and Punch I)",
      "item.chainmail-armor": "Chainmail Armor (Permanent)",
      "item.diamond": "Diamond",
      "item.diamond-armor": "Diamond Armor (Permanent)",
      "item.diamond-sword": "Diamond Sword",
      "item.emerald": "Emerald",
      "item.ender-stone": "End stone",
      "item.glass": "Glass",
      "item.gold-ingot": "Gold",
      "item.hard-clay": "Hardened Clay",
      "item.iron-armor": "Iron Armor (Permanent)",
      "item.iron-ingot": "Iron",
      "item.iron-sword": "Iron Sword",
      "item.knockback-stick": "Knockback Stick",
      "item.ladder": "Ladder",
      "item.obsidian": "Obsidian",
      "item.scissor": "Shears",
      "item.select-lobby": "Select the lobby",
      "item.select-server": "Select the server",
      "item.stone-sword": "Stone Sword",
      "item.wood": "Wood",
      "item.wool": "Wool",
      "item.your-profile": "Your profile",
      "kick-message": "§cYou have been kicked from the server.\n§cReason: %reason%\n\n§eSee more information at §b%website%",
      "ladder": "ladder",
      "language-not-found": "§cThe language \"%language%\" doesnt exist.",
      "minute": "minute",
      "mute-message": "§cYou have been muted.",
      "no-permission": "§cYou dont have permission to use this command.",
      "no-reason": "No reason",
      "number-format-invalid": "§cNumber format error.",
      "obsidian": "obsidian",
      "page": "Page",
      "pink-name": "Pink",
      "pink-symbol": "P",
      "player-is-not-online": "§cThe player \"%player%\" is not online.",
      "player-not-found": "§cThe player \"%player%\" not found.",
      "price": "Price",
      "purple-name": "Purple",
      "purple-symbol": "P",
      "red-name": "Red",
      "red-symbol": "R",
      "scoreboard-diamond-upgrade": "Diamond II",
      "scoreboard-emerald-upgrade": "Emerald II",
      "scoreboard-group": "Group",
      "scoreboard-lobby": "§6§lHIGHMC",
      "scoreboard-map": "Map",
      "scoreboard-mode": "Mode",
      "scoreboard-players": "Players",
      "scoreboard-starting": "Starting",
      "scoreboard-waiting": "§7Waiting",
      "scoreboard-you": "YOU",
      "second": "second",
      "server-fallback-not-found": "§cNo available server found.",
      "server-is-full": "[NOT FOUND: server-is-full]",
      "server-not-available": "§cThis server is not available now.",
      "server-not-found": "§cThe server \"%server%\" doesnt exist or is unavailable.",
      "server-was-closed": "§cYour server was closed.",
      "server-was-closed-reason": "§cYour server was closed by %reason%.",
      "shop.character-name": "§b§lSTORE",
      "staff.inventory-language": "Manage the translations",
      "staff.inventory-language-click-to-modify": "Click to modify.",
      "staff.inventory-language-english-description": "Change the translation of american english.",
      "staff.inventory-language-portuguese-description": "Change the translation of brazilian portuguese.",
      "staff.inventory-translation": "%language% %page%",
      "stone-sword": "Stone Sword",
      "upgrade.character-name": "§b§lUPGRADES",
      "white-name": "White",
      "white-symbol": "W",
      "yellow-name": "Yellow",
      "yellow-symbol": "Y"
    }
  }
}